{"cameraMode":{"drawMode":0,"name":"Shaded","section":"Shading Mode"},"sceneLighting":true,"audioPlay":false,"sceneViewState":{"showFog":true,"showMaterialUpdate":false,"showSkybox":false,"showFlares":true,"showImageEffects":true,"showParticleSystems":true},"in2DMode":false,"pivot":{"x":2.918095111846924,"y":0.16031384468078614,"z":-0.9596338272094727},"rotation":{"x":0.0004251667996868491,"y":0.9994128346443176,"z":-0.013492895290255547,"w":0.031491924077272418},"size":2.0695502758026125,"orthographic":true}