{"cameraMode":{"drawMode":0,"name":"Shaded","section":"Shading Mode"},"sceneLighting":true,"audioPlay":false,"sceneViewState":{"showFog":true,"showMaterialUpdate":false,"showSkybox":true,"showFlares":true,"showImageEffects":true,"showParticleSystems":true},"in2DMode":false,"pivot":{"x":-8.67187786102295,"y":1.843988060951233,"z":-24.476627349853517},"rotation":{"x":0.07920186966657639,"y":-0.07320218533277512,"z":0.0058320085518062119,"w":0.9941516518592835},"size":6.109357833862305,"orthographic":false}