{"cameraMode":{"drawMode":0,"name":"Shaded","section":"Shading Mode"},"sceneLighting":true,"audioPlay":false,"sceneViewState":{"showFog":true,"showMaterialUpdate":false,"showSkybox":false,"showFlares":true,"showImageEffects":true,"showParticleSystems":true},"in2DMode":false,"pivot":{"x":1.1920928955078126e-7,"y":1.0250000953674317,"z":0.0},"rotation":{"x":-0.04058605432510376,"y":0.9555015563964844,"z":-0.1576317995786667,"w":-0.24601629376411439},"size":2.76145339012146,"orthographic":true}