{"cameraMode":{"drawMode":0,"name":"Shaded","section":"Shading Mode"},"sceneLighting":false,"audioPlay":false,"sceneViewState":{"showFog":true,"showMaterialUpdate":false,"showSkybox":false,"showFlares":true,"showImageEffects":true,"showParticleSystems":true},"in2DMode":false,"pivot":{"x":0.06777381896972656,"y":0.5324509143829346,"z":2.1712114810943605},"rotation":{"x":0.16814859211444856,"y":0.6784204244613648,"z":-0.16386540234088899,"w":0.6961513757705689},"size":12.403646469116211,"orthographic":false}