{"cameraMode":{"drawMode":0,"name":"Shaded","section":"Shading Mode"},"sceneLighting":false,"audioPlay":false,"sceneViewState":{"showFog":true,"showMaterialUpdate":false,"showSkybox":false,"showFlares":true,"showImageEffects":true,"showParticleSystems":true},"in2DMode":false,"pivot":{"x":0.0,"y":1.5060451030731202,"z":0.00014516711235046387},"rotation":{"x":-0.23260143399238587,"y":0.7636189460754395,"z":-0.380239874124527,"w":-0.4671294689178467},"size":0.6397691965103149,"orthographic":true}