{"cameraMode":{"drawMode":0,"name":"Shaded","section":"Shading Mode"},"sceneLighting":false,"audioPlay":false,"sceneViewState":{"showFog":true,"showMaterialUpdate":false,"showSkybox":false,"showFlares":true,"showImageEffects":true,"showParticleSystems":true},"in2DMode":false,"pivot":{"x":0.6136376857757568,"y":0.8691682815551758,"z":1.1358492374420167},"rotation":{"x":0.14343534409999848,"y":-0.8549957275390625,"z":0.3232899308204651,"w":0.37935319542884829},"size":2.712775707244873,"orthographic":true}