{"cameraMode":{"drawMode":0,"name":"Shaded","section":"Shading Mode"},"sceneLighting":false,"audioPlay":false,"sceneViewState":{"showFog":true,"showMaterialUpdate":false,"showSkybox":false,"showFlares":true,"showImageEffects":true,"showParticleSystems":true},"in2DMode":false,"pivot":{"x":0.0,"y":1.0060451030731202,"z":0.00014516711235046387},"rotation":{"x":0.11397318542003632,"y":-0.6561306715011597,"z":0.1011786088347435,"w":0.739102840423584},"size":0.6986439228057861,"orthographic":true}